{"__type__":"cc.SpriteAtlas","_spriteFrames":{"chat":{"__uuid__":"fe9LhVJhpJt5bMDvkJ221S"},"xindong":{"__uuid__":"b3kTjbpiFMfa/a/x6xq6m5"},"adr":{"__uuid__":"0e1tUrNS5IPKRrnG6xGn8r"},"adr2":{"__uuid__":"8cLX+iMcpN5ounSsynbaZ1"},"label":{"__uuid__":"e75sSHfqBDELcv9gKIoBBT"},"avt":{"__uuid__":"75NQsgSTNOCKhjkDMDZUnK"},"aim2_en":{"__uuid__":"6c5FmRquhM5a5bZa39FBBB"},"04":{"__uuid__":"7e2MzyNVdHNpsK/j/7jmDp"},"06":{"__uuid__":"4dj4L7rbBKtbgfS3VTowjh"},"02":{"__uuid__":"7cGRT5ifBFSJ6dxzITVD/t"},"Lover-Identification":{"__uuid__":"f6luX1lR9IlZ5pVEAzRi+i"},"03":{"__uuid__":"ceQYLYlY9Hlq9z6MzYaiOY"},"retuen":{"__uuid__":"9a9qW9V4JHOrHQdD9j+gio"},"box3":{"__uuid__":"507kA8bbpK1ZnUdQKSWoEo"},"01":{"__uuid__":"6b24rReRxLZIYKWBn4dDGE"},"05":{"__uuid__":"5b8sX2x8VOWpqnhsluiflP"},"again":{"__uuid__":"3eP3gR4kRBbrAFrTXO5Rsa"},"aim2":{"__uuid__":"4accxPRfJO/5gzW/f4HQKc"},"ad":{"__uuid__":"13x3W79N1PfZsKCCdRNUoy"},"rank":{"__uuid__":"f3qdVKoPpLL4/cKhxi8iJC"},"back":{"__uuid__":"6f01JZxN9G7qOsKdnKQLV2"},"exit":{"__uuid__":"fcvQDP52hD2Yccnmv4amK4"},"box2":{"__uuid__":"88bizBp8BISqFnrdn646Tc"},"rankIcon":{"__uuid__":"14fniVc4pJPoNlf8BeMp3N"},"again2":{"__uuid__":"d41MlOi3dM/IReIbrc5Ez5"},"request":{"__uuid__":"d9eh/+oUNDzL/mjwXVR9Z7"},"request2":{"__uuid__":"9apBGDfcNLmog8QZLhzKVJ"},"heart":{"__uuid__":"0bP9dEDVRMAbmJyb39XyAP"},"heart2":{"__uuid__":"eaZ2DGIwZOwYRLwLaiXbPA"}}}