[[{"__type__":"cc.Prefab","_name":"character2","data":{"__id__":1},"asyncLoadAssets":null},{"__type__":"cc.Node","_name":"character2","_children":[{"__id__":2},{"__id__":3},{"__id__":4},{"__id__":5},{"__id__":6},{"__id__":7},{"__id__":8},{"__id__":9},{"__id__":10}],"_prefab":{"__type__":"cc.PrefabInfo","root":{"__id__":1},"asset":{"__uuid__":"0cR6Bsr5FKvKNNjGHxfHj4"},"fileId":"baIteF9EdPuLfIwIMQ3A8w"},"_contentSize":{"__type__":"cc.Size","width":620,"height":91},"_position":{"__type__":"cc.Vec2","y":501}},{"__type__":"cc.Node","_name":"bg","_parent":{"__id__":1},"_components":[{"__type__":"cc.Sprite","node":{"__id__":2},"_spriteFrame":{"__uuid__":"c0C9f5QrBCQaujU1+WXIxx"},"_sizeMode":0}],"_prefab":{"__type__":"cc.PrefabInfo","root":{"__id__":1},"asset":{"__uuid__":"0cR6Bsr5FKvKNNjGHxfHj4"},"fileId":"b0vfEzOUFCU4H3Ug5Ne6Su"},"_contentSize":{"__type__":"cc.Size","width":620,"height":91}},{"__type__":"cc.Node","_name":"rank","_parent":{"__id__":1},"_components":[{"__type__":"cc.Label","node":{"__id__":3},"_useOriginalSize":false,"_N$string":"2","_N$horizontalAlign":1,"_N$verticalAlign":1}],"_prefab":{"__type__":"cc.PrefabInfo","root":{"__id__":1},"asset":{"__uuid__":"0cR6Bsr5FKvKNNjGHxfHj4"},"fileId":"67NeRx/LFBUogvW/wVMMGf"},"_color":{"__type__":"cc.Color","r":224,"g":52,"b":148},"_contentSize":{"__type__":"cc.Size","width":22,"height":40},"_position":{"__type__":"cc.Vec2","x":-255}},{"__type__":"cc.Node","_name":"avatar","_parent":{"__id__":1},"_components":[{"__type__":"cc.Sprite","node":{"__id__":4},"_spriteFrame":{"__uuid__":"b4PVnzRfVFl65baWrOqftr"},"_sizeMode":0}],"_prefab":{"__type__":"cc.PrefabInfo","root":{"__id__":1},"asset":{"__uuid__":"0cR6Bsr5FKvKNNjGHxfHj4"},"fileId":"ad+X1Uwk9Ho4A6NT86cYI1"},"_contentSize":{"__type__":"cc.Size","width":70,"height":70},"_position":{"__type__":"cc.Vec2","x":-185}},{"__type__":"cc.Node","_name":"name","_parent":{"__id__":1},"_components":[{"__type__":"cc.Label","node":{"__id__":5},"_useOriginalSize":false,"_actualFontSize":30,"_fontSize":30,"_lineHeight":30,"_N$string":"前双","_N$overflow":2}],"_prefab":{"__type__":"cc.PrefabInfo","root":{"__id__":1},"asset":{"__uuid__":"0cR6Bsr5FKvKNNjGHxfHj4"},"fileId":"2e2cR7Mj1BiKh7Uf9WrjJQ"},"_color":{"__type__":"cc.Color","r":224,"g":52,"b":148},"_anchorPoint":{"__type__":"cc.Vec2","y":0.5},"_contentSize":{"__type__":"cc.Size","width":250,"height":30},"_position":{"__type__":"cc.Vec2","x":-138}},{"__type__":"cc.Node","_name":"score","_parent":{"__id__":1},"_components":[{"__type__":"cc.Label","node":{"__id__":6},"_useOriginalSize":false,"_actualFontSize":30,"_fontSize":30,"_N$string":"0"}],"_prefab":{"__type__":"cc.PrefabInfo","root":{"__id__":1},"asset":{"__uuid__":"0cR6Bsr5FKvKNNjGHxfHj4"},"fileId":"d6yA2xtQNINoAZZ6TXW8Hb"},"_color":{"__type__":"cc.Color","r":224,"g":52,"b":148},"_contentSize":{"__type__":"cc.Size","width":17,"height":40},"_position":{"__type__":"cc.Vec2","x":135}},{"__type__":"cc.Node","_name":"heart","_parent":{"__id__":1},"_components":[{"__type__":"cc.Sprite","node":{"__id__":7},"_spriteFrame":{"__uuid__":"6aEETZNZdIFLBJ4kOmbD8u"}}],"_prefab":{"__type__":"cc.PrefabInfo","root":{"__id__":1},"asset":{"__uuid__":"0cR6Bsr5FKvKNNjGHxfHj4"},"fileId":"89KmuKkWNLG7EmXCpKBIxK"},"_contentSize":{"__type__":"cc.Size","width":39,"height":34},"_position":{"__type__":"cc.Vec2","x":200}},{"__type__":"cc.Node","_name":"stamp","_parent":{"__id__":1},"_components":[{"__type__":"cc.Sprite","node":{"__id__":8},"_spriteFrame":{"__uuid__":"cfxWre4xpHv55RvAcdWABo"}}],"_prefab":{"__type__":"cc.PrefabInfo","root":{"__id__":1},"asset":{"__uuid__":"0cR6Bsr5FKvKNNjGHxfHj4"},"fileId":"e0/8YtLupEyriVQGcQzcLT"},"_contentSize":{"__type__":"cc.Size","width":83,"height":85},"_position":{"__type__":"cc.Vec2","x":72}},{"__type__":"cc.Node","_name":"avatar2","_parent":{"__id__":1},"_components":[{"__type__":"cc.Sprite","node":{"__id__":9},"_spriteFrame":{"__uuid__":"advs3vHP1AAZYeRey4tdJf"},"_sizeMode":0}],"_prefab":{"__type__":"cc.PrefabInfo","root":{"__id__":1},"asset":{"__uuid__":"0cR6Bsr5FKvKNNjGHxfHj4"},"fileId":"f9HHjzfBBHuJsaz96ciMw4"},"_contentSize":{"__type__":"cc.Size","width":60,"height":60},"_position":{"__type__":"cc.Vec2","x":260}},{"__type__":"cc.Node","_name":"rank2","_parent":{"__id__":1},"_components":[{"__type__":"cc.Sprite","node":{"__id__":10}}],"_prefab":{"__type__":"cc.PrefabInfo","root":{"__id__":1},"asset":{"__uuid__":"0cR6Bsr5FKvKNNjGHxfHj4"},"fileId":"27RwkOnB1E7LLc+cKJ2eN/"},"_contentSize":{"__type__":"cc.Size","width":44,"height":56},"_position":{"__type__":"cc.Vec2","x":-256}}],[{"__type__":"cc.Prefab","_name":"character","data":{"__id__":1},"asyncLoadAssets":null},{"__type__":"cc.Node","_name":"character","_children":[{"__id__":2},{"__id__":3},{"__id__":4},{"__id__":5},{"__id__":6},{"__id__":7},{"__id__":8},{"__id__":9}],"_prefab":{"__type__":"cc.PrefabInfo","root":{"__id__":1},"asset":{"__uuid__":"30vB9kcrJEq5fIp0NqJ0Nh"},"fileId":"d9GALlKM1KRp6BNaAoADZu"},"_contentSize":{"__type__":"cc.Size","width":620,"height":91},"_position":{"__type__":"cc.Vec2","y":-45.5}},{"__type__":"cc.Node","_name":"rank","_parent":{"__id__":1},"_components":[{"__type__":"cc.Label","node":{"__id__":2},"_useOriginalSize":false,"_N$string":"1","_N$horizontalAlign":1,"_N$verticalAlign":1}],"_prefab":{"__type__":"cc.PrefabInfo","root":{"__id__":1},"asset":{"__uuid__":"30vB9kcrJEq5fIp0NqJ0Nh"},"fileId":"86wsuH14FMj5dvrSU1pc59"},"_color":{"__type__":"cc.Color","r":248,"g":113,"b":188},"_contentSize":{"__type__":"cc.Size","width":22,"height":40},"_position":{"__type__":"cc.Vec2","x":-255}},{"__type__":"cc.Node","_name":"avatar","_parent":{"__id__":1},"_components":[{"__type__":"cc.Sprite","node":{"__id__":3},"_spriteFrame":{"__uuid__":"b4PVnzRfVFl65baWrOqftr"},"_sizeMode":0}],"_prefab":{"__type__":"cc.PrefabInfo","root":{"__id__":1},"asset":{"__uuid__":"30vB9kcrJEq5fIp0NqJ0Nh"},"fileId":"f3787gJwlMhZCABk3iJKTd"},"_contentSize":{"__type__":"cc.Size","width":70,"height":70},"_position":{"__type__":"cc.Vec2","x":-185}},{"__type__":"cc.Node","_name":"name","_parent":{"__id__":1},"_components":[{"__type__":"cc.Label","node":{"__id__":4},"_useOriginalSize":false,"_actualFontSize":30,"_fontSize":30,"_N$string":"前双","_N$verticalAlign":1,"_N$overflow":2}],"_prefab":{"__type__":"cc.PrefabInfo","root":{"__id__":1},"asset":{"__uuid__":"30vB9kcrJEq5fIp0NqJ0Nh"},"fileId":"45T7y5pBFH54ssCgOuLqla"},"_color":{"__type__":"cc.Color","r":224,"g":52,"b":148},"_anchorPoint":{"__type__":"cc.Vec2","y":0.5},"_contentSize":{"__type__":"cc.Size","width":250,"height":40},"_position":{"__type__":"cc.Vec2","x":-138}},{"__type__":"cc.Node","_name":"score","_parent":{"__id__":1},"_components":[{"__type__":"cc.Label","node":{"__id__":5},"_useOriginalSize":false,"_actualFontSize":30,"_fontSize":30,"_N$string":"86"}],"_prefab":{"__type__":"cc.PrefabInfo","root":{"__id__":1},"asset":{"__uuid__":"30vB9kcrJEq5fIp0NqJ0Nh"},"fileId":"b0Dgaws/dBtZqurSSKHA4v"},"_color":{"__type__":"cc.Color","r":224,"g":52,"b":148},"_contentSize":{"__type__":"cc.Size","width":33,"height":40},"_position":{"__type__":"cc.Vec2","x":135}},{"__type__":"cc.Node","_name":"heart","_parent":{"__id__":1},"_components":[{"__type__":"cc.Sprite","node":{"__id__":6},"_spriteFrame":{"__uuid__":"6aEETZNZdIFLBJ4kOmbD8u"}}],"_prefab":{"__type__":"cc.PrefabInfo","root":{"__id__":1},"asset":{"__uuid__":"30vB9kcrJEq5fIp0NqJ0Nh"},"fileId":"e2vupTfUZIsLjhUXltP3ne"},"_contentSize":{"__type__":"cc.Size","width":39,"height":34},"_position":{"__type__":"cc.Vec2","x":200}},{"__type__":"cc.Node","_name":"stamp","_parent":{"__id__":1},"_components":[{"__type__":"cc.Sprite","node":{"__id__":7},"_spriteFrame":{"__uuid__":"cfxWre4xpHv55RvAcdWABo"}}],"_prefab":{"__type__":"cc.PrefabInfo","root":{"__id__":1},"asset":{"__uuid__":"30vB9kcrJEq5fIp0NqJ0Nh"},"fileId":"a9vYST95xPcqiLbU9WZaEK"},"_contentSize":{"__type__":"cc.Size","width":83,"height":85},"_position":{"__type__":"cc.Vec2","x":72}},{"__type__":"cc.Node","_name":"avatar2","_parent":{"__id__":1},"_components":[{"__type__":"cc.Sprite","node":{"__id__":8},"_spriteFrame":{"__uuid__":"advs3vHP1AAZYeRey4tdJf"},"_sizeMode":0}],"_prefab":{"__type__":"cc.PrefabInfo","root":{"__id__":1},"asset":{"__uuid__":"30vB9kcrJEq5fIp0NqJ0Nh"},"fileId":"e7ff0NBqZLM7yE/4A2tAAa"},"_contentSize":{"__type__":"cc.Size","width":60,"height":60},"_position":{"__type__":"cc.Vec2","x":260}},{"__type__":"cc.Node","_name":"rank2","_parent":{"__id__":1},"_components":[{"__type__":"cc.Sprite","node":{"__id__":9}}],"_prefab":{"__type__":"cc.PrefabInfo","root":{"__id__":1},"asset":{"__uuid__":"30vB9kcrJEq5fIp0NqJ0Nh"},"fileId":"63kgt9McVCY5Hq/5ZSKMR9"},"_contentSize":{"__type__":"cc.Size","width":44,"height":56},"_position":{"__type__":"cc.Vec2","x":-256}}],{"__type__":"cc.SpriteFrame","content":{"name":"rank2","texture":"18cuZLQXlPpIMM+oXr+qkY","rect":[0,0,620,772],"offset":[0,0],"originalSize":[620,772]}},{"__type__":"cc.SpriteFrame","content":{"name":"rank","texture":"152oyw4bVLH41RM3Vg+61b","rect":[0,0,620,772],"offset":[0,0],"originalSize":[620,772]}},{"__type__":"cc.SpriteFrame","content":{"name":"love","texture":"13t2mSkyZCw6V4cc8DfhRF","rect":[0,0,39,34],"offset":[0,0],"originalSize":[39,34]}},{"__type__":"cc.SpriteFrame","content":{"name":"1","texture":"7e4vKTybBN2ZqtzkTbtVQd","rect":[0,0,64,64],"offset":[0,0],"originalSize":[64,64]}},{"__type__":"cc.SpriteFrame","content":{"name":"avatar","texture":"e7GT0B/M1PRZL+DEpdjnPi","rect":[0,0,64,65],"offset":[0,0],"originalSize":[64,65]}},[{"__type__":"cc.Prefab","_name":"rank","data":{"__id__":1},"asyncLoadAssets":null},{"__type__":"cc.Node","_name":"rank","_children":[{"__id__":2},{"__id__":6}],"_prefab":{"__type__":"cc.PrefabInfo","root":{"__id__":1},"asset":{"__uuid__":"b6nSMb6kxHbIYrWLI7bRFh"},"fileId":"f1p+mY4DNOYJFp709zwq7J"},"_scaleX":1.2,"_scaleY":1.2,"_position":{"__type__":"cc.Vec2","y":-38}},{"__type__":"cc.Node","_name":"scrollView","_parent":{"__id__":1},"_children":[{"__id__":3},{"__id__":4}],"_components":[{"__type__":"cc.ScrollView","node":{"__id__":2},"content":{"__id__":5},"horizontal":false,"brake":0.75,"bounceDuration":0.23,"_N$horizontalScrollBar":null,"_N$verticalScrollBar":null}],"_prefab":{"__type__":"cc.PrefabInfo","root":{"__id__":1},"asset":{"__uuid__":"b6nSMb6kxHbIYrWLI7bRFh"},"fileId":"57tm2UGf9FLZKuRmH15HWO"},"_contentSize":{"__type__":"cc.Size","width":620,"height":610},"_position":{"__type__":"cc.Vec2","y":70}},{"__type__":"cc.Node","_name":"bg","_parent":{"__id__":2},"_components":[{"__type__":"cc.Sprite","node":{"__id__":3},"_spriteFrame":{"__uuid__":"4fS1PvLjJMPLpHd7Hk+nb9"}},{"__type__":"f34ac2GGiVOBbG6XlfvgYP4","node":{"__id__":3},"spriteFrameSet":[{"__type__":"SpriteFrameSet","language":"zh","spriteFrame":{"__uuid__":"4fS1PvLjJMPLpHd7Hk+nb9"}},{"__type__":"SpriteFrameSet","language":"en","spriteFrame":{"__uuid__":"45IBDQC+dAR4CgGtMtlhyk"}}]}],"_prefab":{"__type__":"cc.PrefabInfo","root":{"__id__":1},"asset":{"__uuid__":"b6nSMb6kxHbIYrWLI7bRFh"},"fileId":"f4ix466xJE5J3UGBLGEK7d"},"_contentSize":{"__type__":"cc.Size","width":620,"height":772},"_position":{"__type__":"cc.Vec2","y":68}},{"__type__":"cc.Node","_name":"view","_parent":{"__id__":2},"_children":[{"__id__":5}],"_components":[{"__type__":"cc.Mask","node":{"__id__":4}}],"_prefab":{"__type__":"cc.PrefabInfo","root":{"__id__":1},"asset":{"__uuid__":"b6nSMb6kxHbIYrWLI7bRFh"},"fileId":"2aZJpQa4lFQZ8afQeNjaiw"},"_contentSize":{"__type__":"cc.Size","width":620,"height":610}},{"__type__":"cc.Node","_name":"content","_parent":{"__id__":4},"_components":[{"__type__":"cc.Layout","node":{"__id__":5},"_layoutSize":{"__type__":"cc.Size","width":620,"height":91},"_resize":1,"_N$layoutType":2}],"_prefab":{"__type__":"cc.PrefabInfo","root":{"__id__":1},"asset":{"__uuid__":"b6nSMb6kxHbIYrWLI7bRFh"},"fileId":"8croyEnklGvpPP9FgcsQFm"},"_anchorPoint":{"__type__":"cc.Vec2","x":0.5,"y":1},"_contentSize":{"__type__":"cc.Size","width":620,"height":91},"_position":{"__type__":"cc.Vec2","y":320}},{"__type__":"cc.Node","_name":"self","_parent":{"__id__":1},"_children":[{"__id__":7},{"__id__":8},{"__id__":9},{"__id__":10},{"__id__":11},{"__id__":12},{"__id__":13},{"__id__":14},{"__id__":15}],"_prefab":{"__type__":"cc.PrefabInfo","root":{"__id__":1},"asset":{"__uuid__":"b6nSMb6kxHbIYrWLI7bRFh"},"fileId":"372ccaISFCMI9CcPMtYmZ5"},"_contentSize":{"__type__":"cc.Size","width":620,"height":91},"_position":{"__type__":"cc.Vec2","y":-309}},{"__type__":"cc.Node","_name":"bg","_parent":{"__id__":6},"_components":[{"__type__":"cc.Sprite","node":{"__id__":7},"_spriteFrame":{"__uuid__":"b8D4KoE4FOvZy9VhNci1DL"}}],"_prefab":{"__type__":"cc.PrefabInfo","root":{"__id__":1},"asset":{"__uuid__":"b6nSMb6kxHbIYrWLI7bRFh"},"fileId":"1eZGC+kvdDi5SMeLneqMfg"},"_contentSize":{"__type__":"cc.Size","width":620,"height":91}},{"__type__":"cc.Node","_name":"rank","_parent":{"__id__":6},"_components":[{"__type__":"cc.Label","node":{"__id__":8},"_useOriginalSize":false,"_N$string":"","_N$horizontalAlign":1,"_N$verticalAlign":1}],"_prefab":{"__type__":"cc.PrefabInfo","root":{"__id__":1},"asset":{"__uuid__":"b6nSMb6kxHbIYrWLI7bRFh"},"fileId":"f8AF2XdY5BaL8gkxHWtTnt"},"_color":{"__type__":"cc.Color","r":224,"g":52,"b":148},"_contentSize":{"__type__":"cc.Size","height":40},"_position":{"__type__":"cc.Vec2","x":-255}},{"__type__":"cc.Node","_name":"avatar","_parent":{"__id__":6},"_components":[{"__type__":"cc.Sprite","node":{"__id__":9},"_spriteFrame":{"__uuid__":"b4PVnzRfVFl65baWrOqftr"},"_sizeMode":0}],"_prefab":{"__type__":"cc.PrefabInfo","root":{"__id__":1},"asset":{"__uuid__":"b6nSMb6kxHbIYrWLI7bRFh"},"fileId":"0dI9ALNVRK0YOVtVFqYioP"},"_contentSize":{"__type__":"cc.Size","width":70,"height":70},"_position":{"__type__":"cc.Vec2","x":-185}},{"__type__":"cc.Node","_name":"name","_parent":{"__id__":6},"_components":[{"__type__":"cc.Label","node":{"__id__":10},"_useOriginalSize":false,"_actualFontSize":28,"_fontSize":30,"_N$string":"label_text.nickname","_N$verticalAlign":1,"_N$overflow":2},{"__type__":"744dcs4DCdNprNhG0xwq6FK","node":{"__id__":10},"_dataID":"label_text.nickname"}],"_prefab":{"__type__":"cc.PrefabInfo","root":{"__id__":1},"asset":{"__uuid__":"b6nSMb6kxHbIYrWLI7bRFh"},"fileId":"c2ZWX4UphMkaW99ZMbolOj"},"_color":{"__type__":"cc.Color","r":224,"g":52,"b":148},"_anchorPoint":{"__type__":"cc.Vec2","y":0.5},"_contentSize":{"__type__":"cc.Size","width":250,"height":40},"_position":{"__type__":"cc.Vec2","x":-138}},{"__type__":"cc.Node","_name":"score","_parent":{"__id__":6},"_components":[{"__type__":"cc.Label","node":{"__id__":11},"_useOriginalSize":false,"_actualFontSize":30,"_fontSize":30,"_N$string":"0"}],"_prefab":{"__type__":"cc.PrefabInfo","root":{"__id__":1},"asset":{"__uuid__":"b6nSMb6kxHbIYrWLI7bRFh"},"fileId":"11Zvw4kJpJWrCfuNIkMU4n"},"_color":{"__type__":"cc.Color","r":224,"g":52,"b":148},"_contentSize":{"__type__":"cc.Size","width":17,"height":40},"_position":{"__type__":"cc.Vec2","x":135}},{"__type__":"cc.Node","_name":"heart","_parent":{"__id__":6},"_components":[{"__type__":"cc.Sprite","node":{"__id__":12},"_spriteFrame":{"__uuid__":"6aEETZNZdIFLBJ4kOmbD8u"}}],"_prefab":{"__type__":"cc.PrefabInfo","root":{"__id__":1},"asset":{"__uuid__":"b6nSMb6kxHbIYrWLI7bRFh"},"fileId":"2c5BeZPQBPkowQFJFXArdC"},"_contentSize":{"__type__":"cc.Size","width":39,"height":34},"_position":{"__type__":"cc.Vec2","x":200}},{"__type__":"cc.Node","_name":"avatar2","_parent":{"__id__":6},"_components":[{"__type__":"cc.Sprite","node":{"__id__":13},"_spriteFrame":{"__uuid__":"advs3vHP1AAZYeRey4tdJf"},"_sizeMode":0}],"_prefab":{"__type__":"cc.PrefabInfo","root":{"__id__":1},"asset":{"__uuid__":"b6nSMb6kxHbIYrWLI7bRFh"},"fileId":"35ju/67u9AppClLiYUCpUm"},"_contentSize":{"__type__":"cc.Size","width":70,"height":70},"_position":{"__type__":"cc.Vec2","x":260}},{"__type__":"cc.Node","_name":"stamp","_parent":{"__id__":6},"_components":[{"__type__":"cc.Sprite","node":{"__id__":14},"_spriteFrame":{"__uuid__":"cfxWre4xpHv55RvAcdWABo"}}],"_prefab":{"__type__":"cc.PrefabInfo","root":{"__id__":1},"asset":{"__uuid__":"b6nSMb6kxHbIYrWLI7bRFh"},"fileId":"95CDS/XftOPaLddtxd2vL4"},"_contentSize":{"__type__":"cc.Size","width":83,"height":85},"_position":{"__type__":"cc.Vec2","x":72}},{"__type__":"cc.Node","_name":"rank2","_parent":{"__id__":6},"_components":[{"__type__":"cc.Sprite","node":{"__id__":15}}],"_prefab":{"__type__":"cc.PrefabInfo","root":{"__id__":1},"asset":{"__uuid__":"b6nSMb6kxHbIYrWLI7bRFh"},"fileId":"06kOLEiQNN2bTK/tUyYCbe"},"_contentSize":{"__type__":"cc.Size","width":44,"height":56},"_position":{"__type__":"cc.Vec2","x":-256}}],{"__type__":"cc.SpriteFrame","content":{"name":"box","texture":"bex4gFeRdOGK523GddqSCY","rect":[0,0,620,91],"offset":[0,0],"originalSize":[620,91]}},{"__type__":"cc.SpriteFrame","content":{"name":"rankingvermicelli","texture":"b0W7iRorVFLLgWSWDAJ6cj","rect":[0,0,620,91],"offset":[0,0],"originalSize":[620,91]}},{"__type__":"cc.SpriteFrame","content":{"name":"5","texture":"43uLqEWQ9FJYsuNCFo2sAV","rect":[0,0,83,85],"offset":[0,0],"originalSize":[83,85]}}]